number,value,datetime_start,datetime_complete,duration,params_colsample_bytree,params_gamma,params_grow_policy,params_learning_rate,params_max_depth,params_min_child_weight,params_n_estimators,params_reg_alpha,params_reg_lambda,params_subsample,params_tree_method,state
0,0.563811540041786,2026-04-16 13:49:10.327620,2026-04-16 13:49:16.996531,0 days 00:00:06.668911,0.8202230023486418,3.4680559213273097,depthwise,0.030710573677773714,8,3.3946339367881464,1925,0.003486678167045121,0.001592075878523403,0.8732352291549871,hist,COMPLETE
1,0.5774191230114326,2026-04-16 13:49:16.996715,2026-04-16 13:49:17.503952,0 days 00:00:00.507237,0.8049512863264475,3.6370173320348282,depthwise,0.08341106432362087,10,4.329770563201687,75,0.004287730278993503,0.004342298948286134,0.7608484485919075,hist,COMPLETE
2,0.5761582531469616,2026-04-16 13:49:17.504119,2026-04-16 13:49:20.233574,0 days 00:00:02.729455,0.739934756431672,3.8764339456056547,depthwise,0.03647316284911211,7,1.5579754426081673,625,0.018788173075973934,0.038531031522629815,0.8570351922786027,hist,COMPLETE
3,0.5779282140564991,2026-04-16 13:49:20.233754,2026-04-16 13:49:24.381490,0 days 00:00:04.147736,0.8616794696232922,3.5115723710618747,depthwise,0.04666963767236924,1,3.4301794076057535,1200,0.0016834192018216926,1.9924621034349888,0.8931264066149118,hist,COMPLETE
4,0.5932104584666531,2026-04-16 13:49:24.381667,2026-04-16 13:49:25.845742,0 days 00:00:01.464075,0.7517559963200033,3.3661147045343363,depthwise,0.0249064396938244,7,2.760609974958405,225,0.05269751777340593,0.0013169614353741135,0.8818640804157565,hist,COMPLETE
5,0.5581074643166477,2026-04-16 13:49:25.845923,2026-04-16 13:49:28.323064,0 days 00:00:02.477141,0.8789654700855298,3.554563366576581,depthwise,0.07277150634170934,6,3.1868411173731186,650,2.351599274057191,0.4957135786745317,0.8878997883128379,hist,COMPLETE
6,0.6050822772554482,2026-04-16 13:49:28.323239,2026-04-16 13:49:34.721308,0 days 00:00:06.398069,0.8657475018303858,3.1356818667316144,depthwise,0.059963338824126605,1,1.7839314496765808,1850,0.013527358752820948,0.022463533171675796,0.7542698063547791,hist,COMPLETE
7,0.5275135444474781,2026-04-16 13:49:34.721502,2026-04-16 13:49:37.263595,0 days 00:00:02.542093,0.7397431363068344,5.406590942262119,depthwise,0.02911701023242742,6,1.5636968998990506,600,0.0018164423870304742,2.701005964742302,0.8544489538593315,hist,COMPLETE
8,0.5296334075989579,2026-04-16 13:49:37.263762,2026-04-16 13:49:43.431474,0 days 00:00:06.167712,0.8726206851751187,5.313811040057837,depthwise,0.010166803740022877,8,3.9160286721639492,1650,0.001809098578331446,0.017637166053890756,0.7231738119050259,hist,COMPLETE
9,0.6000967813850686,2026-04-16 13:49:43.431648,2026-04-16 13:49:46.103796,0 days 00:00:02.672148,0.7944429850323899,3.975549966080241,depthwise,0.06470376604234768,1,2.243929286862649,700,0.34429375895065534,0.16476487558474692,0.8774425485152653,hist,COMPLETE
10,0.5582900779698006,2026-04-16 13:49:46.103962,2026-04-16 13:49:51.264756,0 days 00:00:05.160794,0.705083825348819,5.312901539863683,depthwise,0.014308552498147852,8,3.245108790277985,1450,0.052117930643778204,0.06570606085616121,0.7855082036717099,hist,COMPLETE
11,0.5566636050543061,2026-04-16 13:49:51.264927,2026-04-16 13:49:52.222758,0 days 00:00:00.957831,0.8511102277086098,4.525712073494108,depthwise,0.013815607382950859,7,2.2574239243053067,100,1.4312604696692754,0.007359008568679792,0.7820765846071259,hist,COMPLETE
12,0.5644831144899338,2026-04-16 13:49:52.222922,2026-04-16 13:49:53.517775,0 days 00:00:01.294853,0.8607344153798229,5.789092957027719,depthwise,0.01984601321734508,3,1.6448851490160177,200,0.6455539579314901,0.1593755382804405,0.8742921180375436,hist,COMPLETE
13,0.5646353155082046,2026-04-16 13:49:53.517925,2026-04-16 13:49:59.388264,0 days 00:00:05.870339,0.7854215577252512,5.688273899770479,depthwise,0.01748772208717285,6,4.229760620656251,1800,0.012756650052972775,0.0024135921568582417,0.7455870325083883,hist,COMPLETE
14,0.6017279228028214,2026-04-16 13:49:59.388426,2026-04-16 13:50:05.016326,0 days 00:00:05.627900,0.8885819407825039,4.252233009446337,depthwise,0.11594759566372474,1,3.042989210310263,1725,0.005919646713104134,0.002610877024242296,0.7675230342807255,hist,COMPLETE
15,0.5322053207744598,2026-04-16 13:50:05.016483,2026-04-16 13:50:08.738897,0 days 00:00:03.722414,0.760175661963354,5.915346248162882,depthwise,0.026332779906149555,8,2.454518409517176,1050,2.220986638288318,0.0075071928484025914,0.7994497011784771,hist,COMPLETE
16,0.5523034169693839,2026-04-16 13:50:08.739055,2026-04-16 13:50:09.631407,0 days 00:00:00.892352,0.7289789744182446,3.154436253749968,depthwise,0.023473941999051617,7,3.010716092915446,100,0.009308668046700127,1.439297652414246,0.7479123781333945,hist,COMPLETE
17,0.5772019719816319,2026-04-16 13:50:09.631573,2026-04-16 13:50:16.094833,0 days 00:00:06.463260,0.8264611661187159,5.284858845986153,depthwise,0.04333040243296187,3,3.688542189623514,1975,0.0067033910490160555,0.34048387095460036,0.7735566265438506,hist,COMPLETE
18,0.5743147625481402,2026-04-16 13:50:16.094996,2026-04-16 13:50:19.525099,0 days 00:00:03.430103,0.8355128723684565,3.9623401949152077,depthwise,0.06671771392675703,1,4.341209982356952,1100,0.004451921284966376,0.0013860538750648385,0.8181785886376484,hist,COMPLETE
19,0.5814955371512569,2026-04-16 13:50:19.525255,2026-04-16 13:50:23.907665,0 days 00:00:04.382410,0.7275041888291987,3.523099287014974,depthwise,0.010509480845860123,3,3.5806911616377994,1050,0.2526238181940681,0.022116973245037603,0.8873459977473469,hist,COMPLETE
20,0.5318271794814607,2026-04-16 13:50:23.907823,2026-04-16 13:50:25.216568,0 days 00:00:01.308745,0.8059301156712013,3.773824883145467,depthwise,0.02778033977738005,10,4.509357413523924,250,0.19717168789214218,0.694353585014268,0.8110401623198924,hist,COMPLETE
21,0.5205048283655892,2026-04-16 13:50:25.216720,2026-04-16 13:50:26.487143,0 days 00:00:01.270423,0.8794220519905154,4.899304371819804,depthwise,0.02063749993873244,9,4.601672228653322,225,0.01509550660214643,0.01637736522794278,0.8451911357740479,hist,COMPLETE
22,0.5758387395450965,2026-04-16 13:50:26.487299,2026-04-16 13:50:31.850318,0 days 00:00:05.363019,0.7202943085732064,3.484886142283841,depthwise,0.14260214124298468,7,1.3365598599801953,1575,1.3316247774430428,0.12841843495156466,0.7018394103233259,hist,COMPLETE
23,0.5382959345602285,2026-04-16 13:50:31.850479,2026-04-16 13:50:32.228756,0 days 00:00:00.378277,0.74744981749936,5.07568559307808,depthwise,0.0729853514738843,2,3.1949351574663445,50,0.18490487126445668,0.006022982241950051,0.8424358442695072,hist,COMPLETE
24,0.5430050900134067,2026-04-16 13:50:32.228902,2026-04-16 13:50:37.123483,0 days 00:00:04.894581,0.7530404735363451,4.972838676901031,depthwise,0.026506645379019665,7,4.396893641976712,1500,0.09464069565308143,0.002116988633631583,0.7735431606118867,hist,COMPLETE
25,0.5374417697511233,2026-04-16 13:50:37.123645,2026-04-16 13:50:43.740528,0 days 00:00:06.616883,0.7985035387637728,4.893415877991789,depthwise,0.02077006447411961,4,4.568186220708453,1950,0.5803036163718746,0.055940986385379865,0.8153807769252718,hist,COMPLETE
26,0.5628163512009368,2026-04-16 13:50:43.740699,2026-04-16 13:50:50.269098,0 days 00:00:06.528399,0.8829728780440897,4.936416887721503,depthwise,0.017948038132577032,3,1.0972638657258154,1475,0.004128908967227584,1.8624667699955728,0.8907857154005174,hist,COMPLETE
27,0.5263833734563614,2026-04-16 13:50:50.269261,2026-04-16 13:50:50.726458,0 days 00:00:00.457197,0.777019545720385,5.899964457131009,depthwise,0.030310114166357094,10,2.7127365932692573,75,2.2419375129121226,0.9247350269763911,0.7588897784139171,hist,COMPLETE
28,0.5603297027263295,2026-04-16 13:50:50.726608,2026-04-16 13:50:53.150809,0 days 00:00:02.424201,0.823001445339834,5.808464322482343,depthwise,0.1280425574914764,2,3.2272050498334006,675,0.2631358372315448,0.09597802545737755,0.7194352987541537,hist,COMPLETE
29,0.566143248539692,2026-04-16 13:50:53.150968,2026-04-16 13:50:54.328598,0 days 00:00:01.177630,0.7587183688528987,5.222305853262613,depthwise,0.1941287044914516,6,4.509492287711822,325,0.2652212074424625,0.2770909486641259,0.771898230243951,hist,COMPLETE
30,0.5705638327608976,2026-04-16 13:50:54.328752,2026-04-16 13:50:59.519206,0 days 00:00:05.190454,0.8403933754515407,4.534027196582813,depthwise,0.1129804084827374,9,4.652962210225885,1625,0.05544124417349646,0.5967179942151559,0.829992786155553,hist,COMPLETE
31,0.5642592212002003,2026-04-16 13:50:59.519371,2026-04-16 13:51:05.718945,0 days 00:00:06.199574,0.8085289269415153,3.281945819522607,depthwise,0.10848011408732297,4,2.502331810559776,1800,0.1025062083372346,0.0013334466485242658,0.793119603626492,hist,COMPLETE
32,0.5960061026881224,2026-04-16 13:51:05.719112,2026-04-16 13:51:10.247229,0 days 00:00:04.528117,0.8539987106197222,5.467801681978974,depthwise,0.023593847283130732,1,1.1493927549968577,1200,0.017882430053916012,0.0027656983409526043,0.8044486520109608,hist,COMPLETE
33,0.5980617057797647,2026-04-16 13:51:10.247384,2026-04-16 13:51:15.352704,0 days 00:00:05.105320,0.8951704158925069,4.594063894704444,depthwise,0.019089283616144762,1,1.2067268846744308,1275,0.0758322378429717,0.16459667540372633,0.8452182667445323,hist,COMPLETE
34,0.6089942045365149,2026-04-16 13:51:15.352874,2026-04-16 13:51:18.255418,0 days 00:00:02.902544,0.8671960241024412,4.316914262116908,depthwise,0.04695936762809009,8,2.083329005048297,675,0.001874141385960667,0.0012250324946592721,0.8925296829355851,hist,COMPLETE
35,0.5749706784270046,2026-04-16 13:51:18.255582,2026-04-16 13:51:21.495960,0 days 00:00:03.240378,0.7559867793891886,3.750728694493786,depthwise,0.08044208493895974,2,1.6257481706843442,850,0.08123210538938974,0.30530693641543366,0.8320394753435463,hist,COMPLETE
36,0.5854883457846464,2026-04-16 13:51:21.496110,2026-04-16 13:51:26.050276,0 days 00:00:04.554166,0.7028786977259511,4.25880018728337,depthwise,0.1747062218823497,6,3.446882984937409,1500,0.007267594524576394,0.017288613564055595,0.8515692220928739,hist,COMPLETE
37,0.5710837500639802,2026-04-16 13:51:26.050435,2026-04-16 13:51:26.594406,0 days 00:00:00.543971,0.7946943541561131,5.1109735781400705,depthwise,0.014158393780305395,1,4.421842336044029,125,0.04454099346705278,0.0021886748094698803,0.7983231750233665,hist,COMPLETE
38,0.5703189063776447,2026-04-16 13:51:26.594549,2026-04-16 13:51:30.154458,0 days 00:00:03.559909,0.8006272517160176,4.905280952602931,depthwise,0.01680122036463993,4,3.463400392208866,900,0.001437234174530459,0.020071206752449597,0.8251719831428472,hist,COMPLETE
39,0.563316733572693,2026-04-16 13:51:30.154620,2026-04-16 13:51:35.147642,0 days 00:00:04.993022,0.8150948355751758,4.927257834618947,depthwise,0.13011248586606833,2,1.2822749896017194,1350,0.001236468455948248,0.10884606276520269,0.8880460482849916,hist,COMPLETE
40,0.554692809606013,2026-04-16 13:51:35.147797,2026-04-16 13:51:39.665409,0 days 00:00:04.517612,0.7391582269578593,5.824394426329576,depthwise,0.031990477121374275,5,3.1824671572637397,1300,0.022005218660574474,2.1987514522297205,0.8810701283912128,hist,COMPLETE
41,0.6149842536691514,2026-04-16 13:51:39.665566,2026-04-16 13:51:40.569807,0 days 00:00:00.904241,0.7046543871471651,5.04902032024907,depthwise,0.01230952041623672,1,1.3777718430237136,225,0.001768200718291197,0.012856327996992238,0.868975062193891,hist,COMPLETE
42,0.5688002535290095,2026-04-16 13:51:40.569948,2026-04-16 13:51:42.714069,0 days 00:00:02.144121,0.7564069145142612,4.886828540339652,depthwise,0.11472232140872356,2,3.7869486614566026,600,1.124803317678253,0.3596923076562744,0.8606961860769697,hist,COMPLETE
43,0.5609107734867111,2026-04-16 13:51:42.714229,2026-04-16 13:51:47.996709,0 days 00:00:05.282480,0.886151465120713,4.237853030734279,depthwise,0.017015870389650918,9,4.962020568002693,1525,0.01965857316734835,0.500820397098997,0.7681607080506035,hist,COMPLETE
44,0.5521513032297891,2026-04-16 13:51:47.996868,2026-04-16 13:51:50.911857,0 days 00:00:02.914989,0.7640099202061224,3.309371606507798,depthwise,0.13086416511485502,8,4.018171496338729,875,1.374946802316337,0.05712467776052603,0.8652914932215483,hist,COMPLETE
45,0.5463556438868409,2026-04-16 13:51:50.912019,2026-04-16 13:51:53.487069,0 days 00:00:02.575050,0.8146875776246572,3.2738600303584007,depthwise,0.14625225873248374,1,4.621527905677055,800,0.01289116704847875,2.011317623277647,0.8901214293875113,hist,COMPLETE
46,0.5574512660336002,2026-04-16 13:51:53.487225,2026-04-16 13:51:56.917952,0 days 00:00:03.430727,0.718241220609738,5.017555368231115,depthwise,0.06638029305717287,3,2.314658181479664,925,0.4131402117945608,0.5654787870011221,0.8579236285589108,hist,COMPLETE
47,0.5766016388846165,2026-04-16 13:51:56.918108,2026-04-16 13:51:57.813077,0 days 00:00:00.894969,0.8523021263434944,5.663112548274899,depthwise,0.04398004272066894,6,2.766122005493508,150,0.016602521401728906,0.0025530317220089516,0.7285983364105671,hist,COMPLETE
48,0.5843026947198875,2026-04-16 13:51:57.813239,2026-04-16 13:51:58.648350,0 days 00:00:00.835111,0.7169675428170383,3.2182890190925804,depthwise,0.06372652604737475,1,3.80387652583648,225,0.7206212764149232,0.28555505921982616,0.71626975612838,hist,COMPLETE
49,0.5303064900484211,2026-04-16 13:51:58.648492,2026-04-16 13:52:01.053350,0 days 00:00:02.404858,0.7167001433397338,5.841745732151576,depthwise,0.19215322885133299,4,4.25119826903001,775,2.6819165246349654,0.4164734310735816,0.7752519171061831,hist,COMPLETE
50,0.5671615751844822,2026-04-16 13:52:01.053509,2026-04-16 13:52:08.098851,0 days 00:00:07.045342,0.8712822281059137,4.069061373002305,depthwise,0.05827940577148706,2,1.884213326856672,1875,0.0026578396256889338,0.010571120908311842,0.897131518111074,hist,COMPLETE
51,0.6130372131706846,2026-04-16 13:52:08.099021,2026-04-16 13:52:09.558341,0 days 00:00:01.459320,0.8998532128163383,4.674660954499725,depthwise,0.0522153141457095,1,1.9761220781673003,350,0.0024126489646179045,0.17942291766138102,0.8718542078484574,hist,COMPLETE
52,0.6157415816911931,2026-04-16 13:52:09.558484,2026-04-16 13:52:11.375637,0 days 00:00:01.817153,0.8982672060807763,4.354927270487277,depthwise,0.0514961607237244,1,1.9632317500036403,450,0.0026054251554885124,0.040103891074419036,0.8725917559507319,hist,COMPLETE
53,0.6035943104176589,2026-04-16 13:52:11.375785,2026-04-16 13:52:13.194557,0 days 00:00:01.818772,0.8979247233084158,4.699473274858425,depthwise,0.05241017205638893,1,1.8742896432335534,450,0.002324768898082827,0.03414377000809411,0.8704091706856434,hist,COMPLETE
54,0.5906935163224896,2026-04-16 13:52:13.194701,2026-04-16 13:52:15.299991,0 days 00:00:02.105290,0.8943408502969683,4.655572109051315,depthwise,0.05133667051008857,2,1.8665918478300103,475,0.0027636042798229923,0.03302701835092202,0.8695745334668974,hist,COMPLETE
55,0.6090556476202649,2026-04-16 13:52:15.300155,2026-04-16 13:52:17.035005,0 days 00:00:01.734850,0.8991456635364861,4.727389913441343,depthwise,0.040483256526893066,1,1.9458326888600506,425,0.0023461164252670127,0.038473638501162775,0.8765338907901898,hist,COMPLETE
56,0.6029427966774179,2026-04-16 13:52:17.035166,2026-04-16 13:52:18.900789,0 days 00:00:01.865623,0.869602816205039,3.0514799379497575,depthwise,0.03582640662288613,1,1.9809057701320383,475,0.0010773474386337628,0.011936229590434062,0.8789128744316479,hist,COMPLETE
57,0.5762319078486664,2026-04-16 13:52:18.900934,2026-04-16 13:52:20.642066,0 days 00:00:01.741132,0.8659755260195264,4.765732269053721,depthwise,0.03766073874429083,2,2.04562064507477,375,0.0019472048994678306,0.027437283398229376,0.8999040955088902,hist,COMPLETE
58,0.6050467494452567,2026-04-16 13:52:20.642230,2026-04-16 13:52:22.832977,0 days 00:00:02.190747,0.8788759502246949,4.402975050387421,depthwise,0.08741205681448767,1,1.4527438105957384,550,0.0031847901395016605,0.043887563930194454,0.8769266294624014,hist,COMPLETE
59,0.5924388246637646,2026-04-16 13:52:22.833131,2026-04-16 13:52:24.426860,0 days 00:00:01.593729,0.8910735609864988,4.3552574353113584,depthwise,0.049056347832983314,2,1.7106437390122458,325,0.005266067638705808,0.00575831557877577,0.8635109391291416,hist,COMPLETE
60,0.5945000445247717,2026-04-16 13:52:24.427024,2026-04-16 13:52:25.924848,0 days 00:00:01.497824,0.8606543251022031,4.793001481101747,depthwise,0.0394354100487719,1,2.195146745301413,375,0.0016693857811215,0.07370240659843862,0.8522456299277165,hist,COMPLETE
61,0.5907173117226818,2026-04-16 13:52:25.925000,2026-04-16 13:52:28.298819,0 days 00:00:02.373819,0.8777733436845343,4.423923353587709,depthwise,0.09866322494429641,1,1.4287219322596283,600,0.003524127830023553,0.0456871078781976,0.8750479596140558,hist,COMPLETE
62,0.6052766757825648,2026-04-16 13:52:28.298962,2026-04-16 13:52:30.392835,0 days 00:00:02.093873,0.8766834886012446,4.123777038090631,depthwise,0.09035834260789316,1,1.5200572686162654,525,0.0031522029989632227,0.04264647674437924,0.8835310735811495,hist,COMPLETE
63,0.6035581454673724,2026-04-16 13:52:30.392989,2026-04-16 13:52:31.681228,0 days 00:00:01.288239,0.8885486229217364,4.161054304538141,depthwise,0.05612894002994161,1,1.7268358461655153,300,0.008977106855785861,0.02764304042672915,0.8963831109761667,hist,COMPLETE
64,0.592307193277715,2026-04-16 13:52:31.681371,2026-04-16 13:52:34.080032,0 days 00:00:02.398661,0.8990797253660555,4.504909785786346,depthwise,0.011201981141195394,2,2.107302505369657,425,0.0018760193044196946,0.0770564870842503,0.8825458916724054,hist,COMPLETE
65,0.5962526002716622,2026-04-16 13:52:34.080185,2026-04-16 13:52:36.246677,0 days 00:00:02.166492,0.8355946075495039,3.8122766244871658,depthwise,0.07325773066059192,3,1.5009915078857274,500,0.001004360827648003,0.012972358337154285,0.8835770391674829,hist,COMPLETE
66,0.5970366655065498,2026-04-16 13:52:36.246828,2026-04-16 13:52:39.065881,0 days 00:00:02.819053,0.846123420128664,3.680954321293225,depthwise,0.059781261777852125,2,2.4016755499332074,725,0.004243369901496911,0.003973556097324353,0.8711459166161427,hist,COMPLETE
67,0.6024223300163875,2026-04-16 13:52:39.066019,2026-04-16 13:52:41.193213,0 days 00:00:02.127194,0.8756905406327443,3.9681180304621417,depthwise,0.03356963293534448,5,1.8093602505424742,400,0.0022266909709486604,0.21299285521230318,0.8931062174643242,hist,COMPLETE
68,0.5809734797346211,2026-04-16 13:52:41.193385,2026-04-16 13:52:42.447332,0 days 00:00:01.253947,0.8842958521847295,4.099781109531528,depthwise,0.041867294054662,1,1.5827929523842157,300,0.0014340283834591927,0.024598873482393018,0.7409512236811046,hist,COMPLETE
69,0.5886492662475862,2026-04-16 13:52:42.447478,2026-04-16 13:52:44.646964,0 days 00:00:02.199486,0.8607217970964316,4.299726802205486,depthwise,0.09210133806643901,1,1.3460525818933575,550,0.031038489226628933,0.08492843584689866,0.8405283053673018,hist,COMPLETE
70,0.6052375620947622,2026-04-16 13:52:44.647115,2026-04-16 13:52:47.431904,0 days 00:00:02.784789,0.8902140417804727,4.59914152028353,depthwise,0.045389208818613906,3,2.153638864061472,650,0.005201682717960536,0.0011084008935933701,0.8643029789874134,hist,COMPLETE
71,0.6066347533974144,2026-04-16 13:52:47.432066,2026-04-16 13:52:50.111539,0 days 00:00:02.679473,0.8910140938933147,4.743263880627601,depthwise,0.04561243270741217,1,2.1614545810676824,700,0.00568488565241571,0.0010259260238160337,0.8650108959091394,hist,COMPLETE
72,0.6009395684727491,2026-04-16 13:52:50.111691,2026-04-16 13:52:52.770828,0 days 00:00:02.659137,0.8999570737002099,4.5801416360249885,depthwise,0.04592094163798883,2,2.6280660095614055,650,0.005384558176712117,0.0010155072188571933,0.8664624383865108,hist,COMPLETE
73,0.5812808807480112,2026-04-16 13:52:52.770989,2026-04-16 13:52:56.055727,0 days 00:00:03.284738,0.8919646725405681,4.7577387010407675,depthwise,0.040568633888144384,3,1.0388450764234216,725,0.00343098989228418,0.0015938479864771114,0.85824172775652,hist,COMPLETE
74,0.6084201139268085,2026-04-16 13:52:56.055890,2026-04-16 13:52:58.210266,0 days 00:00:02.154376,0.8827113174506572,4.447524489890603,depthwise,0.048404965231579895,1,2.1645208593049423,550,0.008781984990524743,0.0016399538774916123,0.8843282937118635,hist,COMPLETE
75,0.6079662166297306,2026-04-16 13:52:58.210418,2026-04-16 13:53:00.372700,0 days 00:00:02.162282,0.8826366157131835,4.476659730954368,depthwise,0.0789279296082709,1,1.9744941989844267,550,0.00810540215640373,0.0016241118448799866,0.8844795537556956,hist,COMPLETE
76,0.616321532644299,2026-04-16 13:53:00.372856,2026-04-16 13:53:01.548089,0 days 00:00:01.175233,0.8820745009205389,4.487920697359714,depthwise,0.05401728363491961,1,1.9857566253070724,275,0.0062913520176023805,0.001683363510524752,0.8749051669079937,hist,COMPLETE
77,0.5884564614627474,2026-04-16 13:53:01.548253,2026-04-16 13:53:02.255221,0 days 00:00:00.706968,0.8830081096096779,4.446931769955079,depthwise,0.05362826062237889,1,2.3448620721246636,150,0.009877788396739565,0.003493375453352587,0.8875945196245085,hist,COMPLETE
78,0.567130486646757,2026-04-16 13:53:02.255342,2026-04-16 13:53:03.184670,0 days 00:00:00.929328,0.8838052649950697,4.325910561114329,depthwise,0.08005567063244659,2,1.9676707172456107,175,0.008627192013455092,0.0015397517048731883,0.8775356018211371,hist,COMPLETE
79,0.6007463255122069,2026-04-16 13:53:03.184814,2026-04-16 13:53:04.236588,0 days 00:00:01.051774,0.8663754068041736,5.177859779071378,depthwise,0.04954623619641434,1,2.5733891695624598,250,0.006843116934157515,0.0019372386059670987,0.8487786947886866,hist,COMPLETE
80,0.5809573570180243,2026-04-16 13:53:04.236729,2026-04-16 13:53:05.932720,0 days 00:00:01.695991,0.8725188801301351,4.208729969519744,depthwise,0.06993150466848748,2,1.6742040970620446,375,0.001408966597970533,0.003102495551721309,0.8732067562217857,hist,COMPLETE
81,0.6075474877764635,2026-04-16 13:53:05.932869,2026-04-16 13:53:08.208736,0 days 00:00:02.275867,0.8943290552978788,4.667326089616446,depthwise,0.03545965756959691,1,2.0162015891896212,575,0.003997443162011966,0.0012120932603391082,0.8932779524924078,hist,COMPLETE
82,0.605713860810581,2026-04-16 13:53:08.208885,2026-04-16 13:53:10.579356,0 days 00:00:02.370471,0.8953599325264967,4.482803348630768,depthwise,0.034850753615483995,1,2.015511303468149,600,0.0023715220902900775,0.0018082891361844333,0.8929328300642645,hist,COMPLETE
83,0.627133332561102,2026-04-16 13:53:10.579503,2026-04-16 13:53:11.755002,0 days 00:00:01.175499,0.8820246522103762,4.822790493735057,depthwise,0.012683919357737253,1,2.2817343536912484,275,0.004115035878248298,0.0013295226139456988,0.8861265867445374,hist,COMPLETE
84,0.5820262229328086,2026-04-16 13:53:11.755145,2026-04-16 13:53:13.406486,0 days 00:00:01.651341,0.8886333970888287,4.8028754329466015,depthwise,0.011249193064868936,2,2.842578046095,275,0.001615178233043118,0.004939935977167114,0.8843090002147209,hist,COMPLETE
85,0.6247659880187036,2026-04-16 13:53:13.406648,2026-04-16 13:53:14.304476,0 days 00:00:00.897828,0.8802893114366936,5.028172427658429,depthwise,0.012158493793636448,1,2.2655294474193073,200,0.011511354803610242,0.00783674238353929,0.8868559958879111,hist,COMPLETE
86,0.574846539390919,2026-04-16 13:53:14.304618,2026-04-16 13:53:15.115546,0 days 00:00:00.810928,0.8578555115397501,5.131451564699173,depthwise,0.013031314216736662,8,2.2523809026123676,50,0.010829982745636846,0.002268320377082181,0.8742246709212879,hist,COMPLETE
87,0.61813821090965,2026-04-16 13:53:15.115721,2026-04-16 13:53:15.954102,0 days 00:00:00.838381,0.775430860095734,4.834445934961499,depthwise,0.012038753708242013,1,2.463530015995095,200,0.0020157997836214507,0.009061895347431709,0.8553165709757382,hist,COMPLETE
88,0.6043476065813208,2026-04-16 13:53:15.954251,2026-04-16 13:53:17.382710,0 days 00:00:01.428459,0.7695721000976361,5.376547861566175,depthwise,0.015323615515637337,10,2.4780022263096266,200,0.002738398269971748,0.0047057646060546625,0.8695383188802577,hist,COMPLETE
89,0.6065525070531379,2026-04-16 13:53:17.382872,2026-04-16 13:53:17.875221,0 days 00:00:00.492349,0.7880929449298695,5.033694631702614,depthwise,0.013270548928655646,1,2.8961381094764653,100,0.002051963237700005,0.00723098632918995,0.8788891143896329,hist,COMPLETE
90,0.5989093299019085,2026-04-16 13:53:17.875343,2026-04-16 13:53:19.720083,0 days 00:00:01.844740,0.8690126956961088,4.990974697801979,depthwise,0.012351516132547312,2,2.299571346245285,325,0.001316927725593886,0.009565348073755846,0.8607878955787069,hist,COMPLETE
91,0.6149149665857246,2026-04-16 13:53:19.720245,2026-04-16 13:53:20.808612,0 days 00:00:01.088367,0.8745385384648152,4.869375341831823,depthwise,0.015074700277519086,1,2.1190555242487106,250,0.00466148668959459,0.00855314327828256,0.8878165928264166,hist,COMPLETE
92,0.626365243950304,2026-04-16 13:53:20.808756,2026-04-16 13:53:21.698486,0 days 00:00:00.889730,0.8748957165445191,5.22673312238049,depthwise,0.01500928578679166,1,2.4203929594670277,200,0.004046791848306051,0.008603671423621955,0.8786030529148047,hist,COMPLETE
93,0.6180322910218029,2026-04-16 13:53:21.698630,2026-04-16 13:53:22.526809,0 days 00:00:00.828179,0.7441429030582876,4.829584507530331,depthwise,0.011936368299355455,1,2.419654891077643,200,0.003654367876697973,0.008803053078001352,0.88863541408237,hist,COMPLETE
94,0.6202893409763994,2026-04-16 13:53:22.526955,2026-04-16 13:53:23.337483,0 days 00:00:00.810528,0.708345555276992,4.857711767809919,depthwise,0.015083179360946532,1,2.579727080103851,200,0.0038426819412841736,0.00859200311413557,0.8908268688246807,hist,COMPLETE
95,0.619489507400733,2026-04-16 13:53:23.337628,2026-04-16 13:53:24.144121,0 days 00:00:00.806493,0.7096503589088926,4.850991329563871,depthwise,0.011909024328266907,1,2.5709189444781,200,0.004383137112006268,0.007891298137910533,0.8990758243533196,hist,COMPLETE
96,0.6187085882650354,2026-04-16 13:53:24.144253,2026-04-16 13:53:24.949244,0 days 00:00:00.804991,0.7083895372387148,5.262390184143544,depthwise,0.01203667381826565,1,2.6389884905085426,200,0.0067496220892944514,0.01438777864245484,0.897921597837244,hist,COMPLETE
97,0.5879477253347578,2026-04-16 13:53:24.949376,2026-04-16 13:53:26.016369,0 days 00:00:01.066993,0.7102196826968546,5.2163941539514695,depthwise,0.01067907196022584,2,2.652123542899018,175,0.006494314398806518,0.0068258183204578105,0.8985563666763131,hist,COMPLETE
98,0.6150293321420467,2026-04-16 13:53:26.016514,2026-04-16 13:53:26.589395,0 days 00:00:00.572881,0.7350929099651535,5.292353493796042,depthwise,0.012030863134119815,1,2.551385439565482,125,0.003761502675280375,0.01649558905798866,0.8884375513164757,hist,COMPLETE
99,0.5941826875555927,2026-04-16 13:53:26.589542,2026-04-16 13:53:27.021920,0 days 00:00:00.432378,0.7461776216920586,5.467298690635185,depthwise,0.014769735611772552,2,2.3848998232172653,50,0.004771642925417681,0.005618867651829334,0.8969351701095568,hist,COMPLETE
100,0.6147488155187786,2026-04-16 13:53:27.022052,2026-04-16 13:53:27.826355,0 days 00:00:00.804303,0.7238132279377,4.822427388162638,depthwise,0.010158414495122378,1,2.978622880350436,200,0.006657525184915621,0.014321986617116079,0.8918185658033515,hist,COMPLETE
101,0.6144313531828398,2026-04-16 13:53:27.826482,2026-04-16 13:53:28.404798,0 days 00:00:00.578316,0.7118598536618949,5.28840767460146,depthwise,0.016130452620892088,1,2.5825115589368215,125,0.0037959960131479127,0.008598958222973579,0.8873158272355846,hist,COMPLETE
102,0.6121400306095461,2026-04-16 13:53:28.404944,2026-04-16 13:53:28.989992,0 days 00:00:00.585048,0.7333727522903992,5.552921226070565,depthwise,0.011937488642210498,1,2.7421341302396374,125,0.0032757778117998675,0.016132626078039298,0.8953408926906457,hist,COMPLETE
103,0.6118071484626049,2026-04-16 13:53:28.990115,2026-04-16 13:53:29.491190,0 days 00:00:00.501075,0.7363696536997565,5.1085482316560205,depthwise,0.013608072772790844,1,2.5113343004490774,100,0.00285337685676517,0.020218910217783322,0.8879996802611835,hist,COMPLETE
104,0.6243755577044798,2026-04-16 13:53:29.491334,2026-04-16 13:53:30.553661,0 days 00:00:01.062327,0.7013474903845969,4.953445381026345,depthwise,0.011335194235110126,1,2.417848223759579,275,0.004331133005855162,0.011345812946847101,0.8994192375744807,hist,COMPLETE
105,0.6185577794464749,2026-04-16 13:53:30.553795,2026-04-16 13:53:31.534864,0 days 00:00:00.981069,0.701497202342613,4.9865701029239204,depthwise,0.011126338625517828,1,2.393169410440522,250,0.011133397952888794,0.011245419689285557,0.8997828237934384,hist,COMPLETE
106,0.6167357876445803,2026-04-16 13:53:31.535017,2026-04-16 13:53:32.523099,0 days 00:00:00.988082,0.700694469214178,4.855634971215383,depthwise,0.011167207641084522,1,2.373477356102388,250,0.007684085427933475,0.006628076408126531,0.8995656885314641,hist,COMPLETE
107,0.5888106083729641,2026-04-16 13:53:32.523236,2026-04-16 13:53:33.598606,0 days 00:00:01.075370,0.7003689273385629,4.971330871223128,depthwise,0.011021442533443445,2,2.4239680915538,175,0.010926086323860997,0.011235253374794118,0.8988922876476734,hist,COMPLETE
108,0.6109807880959557,2026-04-16 13:53:33.598744,2026-04-16 13:53:34.505456,0 days 00:00:00.906712,0.7091376280276912,5.0762632337061575,depthwise,0.012908774792056866,1,2.6956650112603024,225,0.0115561260594935,0.009455409968882972,0.8986661421292911,hist,COMPLETE
109,0.5779759054947069,2026-04-16 13:53:34.505599,2026-04-16 13:53:35.899282,0 days 00:00:01.393683,0.7068069834331221,4.846682404595177,depthwise,0.013996446566160652,2,2.828888811541066,275,0.02429520882136617,0.006237634349797447,0.8939726163153843,hist,COMPLETE
110,0.618275164031188,2026-04-16 13:53:35.899430,2026-04-16 13:53:37.230080,0 days 00:00:01.330650,0.7132409612743179,5.151247034530888,depthwise,0.011772115130468606,1,2.2730832090269653,350,0.007479242491206588,0.007661763151047575,0.8814352482038902,hist,COMPLETE
111,0.630820450986908,2026-04-16 13:53:37.230232,2026-04-16 13:53:38.474057,0 days 00:00:01.243825,0.7138661299084981,4.963661875244179,depthwise,0.011713305204715318,1,2.247811205942622,325,0.01514959857178007,0.007804018291192333,0.8810680762688474,hist,COMPLETE
112,0.6200399868367501,2026-04-16 13:53:38.474206,2026-04-16 13:53:39.722616,0 days 00:00:01.248410,0.712484163367747,4.93625660290025,depthwise,0.010121104132555207,1,2.2504156460196127,325,0.015618322024920896,0.008161445738528771,0.8810969820342318,hist,COMPLETE
113,0.61798438207953,2026-04-16 13:53:39.722766,2026-04-16 13:53:41.008357,0 days 00:00:01.285591,0.7234990884707939,5.172536976616635,depthwise,0.010000525247282236,1,2.246853796391302,325,0.01514178045293873,0.007611570547704005,0.8807507916305625,hist,COMPLETE
114,0.6165899159330088,2026-04-16 13:53:41.008500,2026-04-16 13:53:42.317015,0 days 00:00:01.308515,0.7141722409531238,4.93068088527317,depthwise,0.01831765236568582,1,2.303656638231085,350,0.014184274758096763,0.014067565034453658,0.8806656913724363,hist,COMPLETE
115,0.616784520100625,2026-04-16 13:53:42.317147,2026-04-16 13:53:43.471010,0 days 00:00:01.153863,0.7047123669263187,5.011522549209383,depthwise,0.012750249913891776,1,2.4584002495407438,300,0.026346135699193744,0.004124515590595615,0.8919264997852051,hist,COMPLETE
116,0.5750459987569749,2026-04-16 13:53:43.471137,2026-04-16 13:53:45.321858,0 days 00:00:01.850721,0.7211409362915198,5.244624483642514,depthwise,0.011478442564905406,2,2.2046166111981123,375,0.036674836664907035,0.010930521867972599,0.8947885339843284,hist,COMPLETE
117,0.6170889638435167,2026-04-16 13:53:45.322014,2026-04-16 13:53:45.964601,0 days 00:00:00.642587,0.7133930152121781,4.955033139014368,depthwise,0.010655343326769895,1,2.6126438425567446,150,0.019662220458958962,0.007761743162197766,0.8804433964461196,hist,COMPLETE
118,0.626130257112751,2026-04-16 13:53:45.964747,2026-04-16 13:53:46.363675,0 days 00:00:00.398928,0.7293238859796843,5.364829822139834,depthwise,0.015617922528370895,1,2.4994207667009745,75,0.004703046613577654,0.005407672049455274,0.8903712671465663,hist,COMPLETE
119,0.6209021489642843,2026-04-16 13:53:46.363819,2026-04-16 13:53:46.850086,0 days 00:00:00.486267,0.7084928098492266,5.387317183291229,depthwise,0.015524979695892215,1,2.3436310184388875,100,0.012158640406821318,0.00512216126600386,0.8905152382837818,hist,COMPLETE
120,0.5901092817609929,2026-04-16 13:53:46.850215,2026-04-16 13:53:47.401443,0 days 00:00:00.551228,0.7079255089641411,5.537754569395205,depthwise,0.01596554094937474,2,2.665678074884259,75,0.013190229173750716,0.003766952844914036,0.8904062643464661,hist,COMPLETE
121,0.6355318314951777,2026-04-16 13:53:47.401564,2026-04-16 13:53:47.818643,0 days 00:00:00.417079,0.729387117399095,5.429559361323804,depthwise,0.014325498313665334,1,2.309456436745179,75,0.016354983638458893,0.005437061618761403,0.8849606714076195,hist,COMPLETE
122,0.624126126517701,2026-04-16 13:53:47.818788,2026-04-16 13:53:48.236434,0 days 00:00:00.417646,0.7270077240350684,5.328775781573969,depthwise,0.014633051892286914,1,2.5253446439673226,75,0.010199074057983818,0.005277598466268904,0.8846359395363068,hist,COMPLETE
123,0.6237908099291765,2026-04-16 13:53:48.236559,2026-04-16 13:53:48.657268,0 days 00:00:00.420709,0.7296506552015409,5.370633039808732,depthwise,0.02160117244801546,1,2.5318285885737906,75,0.019097495926267534,0.005166243273555301,0.8870005129196346,hist,COMPLETE
124,0.6052827287998508,2026-04-16 13:53:48.657415,2026-04-16 13:53:48.979555,0 days 00:00:00.322140,0.7280459302212587,5.377803549095336,depthwise,0.022041301737219014,1,2.7822078662557663,50,0.015340914306426668,0.0052627344350634165,0.8860617676399404,hist,COMPLETE
125,0.6085609816346768,2026-04-16 13:53:48.979687,2026-04-16 13:53:49.466538,0 days 00:00:00.486851,0.7243923247372481,5.639306874959531,depthwise,0.019844240926553406,1,2.5345654454666957,100,0.017683298702149138,0.0045838767097337784,0.876895889127296,hist,COMPLETE
126,0.6144713723291804,2026-04-16 13:53:49.466652,2026-04-16 13:53:50.128275,0 days 00:00:00.661623,0.7181397261883595,5.451934777878289,depthwise,0.014269014485294324,1,2.32570612721984,150,0.03155988575784861,0.0032863824461918543,0.8837374733721025,hist,COMPLETE
127,0.5791522084073117,2026-04-16 13:53:50.128417,2026-04-16 13:53:50.678302,0 days 00:00:00.549885,0.7321881506207829,5.356557524724411,depthwise,0.016391993899374634,2,3.083244363294651,75,0.0240665472365973,0.0027314238628483025,0.8900570001450647,hist,COMPLETE
128,0.6109702828613433,2026-04-16 13:53:50.678445,2026-04-16 13:53:51.003880,0 days 00:00:00.325435,0.7268187905052309,5.553492911289122,depthwise,0.018403969901377534,1,2.096015743851366,50,0.012430048856870367,0.0048024566990313555,0.8942412803472424,hist,COMPLETE
129,0.6015417483211043,2026-04-16 13:53:51.004019,2026-04-16 13:53:51.919623,0 days 00:00:00.915604,0.7180350880094425,5.322877047577303,depthwise,0.01563731388290372,2,2.508541982744962,150,0.009600808285422115,0.005879446207509443,0.8846446253499047,hist,COMPLETE
130,0.6172728783566067,2026-04-16 13:53:51.919763,2026-04-16 13:53:52.422369,0 days 00:00:00.502606,0.7302096667263085,5.073160192756602,depthwise,0.013570216048860667,1,2.249873687402895,100,0.020358573637494527,0.004201798300090287,0.8783259930898453,hist,COMPLETE
131,0.6166972521440831,2026-04-16 13:53:52.422510,2026-04-16 13:53:53.157659,0 days 00:00:00.735149,0.7053999590469807,5.253804015155526,depthwise,0.017477022280599084,1,2.9230131601206546,175,0.00459002221777436,0.00634518744930024,0.891059471134043,hist,COMPLETE
132,0.6102532951772532,2026-04-16 13:53:53.157791,2026-04-16 13:53:54.047785,0 days 00:00:00.889994,0.7150877281728218,5.422936315147207,depthwise,0.014505396395148022,1,2.6932607905888517,225,0.005858494421822657,0.010168798648202939,0.895056358810503,hist,COMPLETE
133,0.6150899016484138,2026-04-16 13:53:54.047925,2026-04-16 13:53:54.619459,0 days 00:00:00.571534,0.7421462208135993,5.331931207600059,depthwise,0.013091793165709603,1,2.58487038382528,125,0.016939799336379763,0.012601482669462061,0.8865099113770758,hist,COMPLETE
134,0.6139189426315779,2026-04-16 13:53:54.619587,2026-04-16 13:53:55.367372,0 days 00:00:00.747785,0.7210736937550678,5.2007301406761,depthwise,0.012445279386832531,1,2.353627849704533,175,0.005343557802421191,0.005734105915782309,0.8907732969614374,hist,COMPLETE
135,0.6220951160606063,2026-04-16 13:53:55.367515,2026-04-16 13:53:56.436231,0 days 00:00:01.068716,0.7094640219664968,5.5136778196926315,depthwise,0.014514266240936479,1,2.473397526255738,275,0.008072201925049847,0.007852112133405602,0.8830295026853033,hist,COMPLETE
136,0.6236482160204391,2026-04-16 13:53:56.436392,2026-04-16 13:53:57.559998,0 days 00:00:01.123606,0.7389866987284157,5.746179630414883,depthwise,0.017068236884159153,1,2.1919824711383793,275,0.00835568483868244,0.0029774063850774145,0.8735257482604485,hist,COMPLETE
137,0.6224323561235775,2026-04-16 13:53:57.560149,2026-04-16 13:53:58.665140,0 days 00:00:01.104991,0.7384378927075985,5.738267398688401,depthwise,0.01497279483006998,1,2.190142720606073,275,0.008915662011441436,0.003706600600184376,0.873925904622705,hist,COMPLETE
138,0.6188905045913394,2026-04-16 13:53:58.665276,2026-04-16 13:53:59.851857,0 days 00:00:01.186581,0.7495372895175674,5.719651150677836,depthwise,0.015032780909066137,1,2.1947073425998203,300,0.009543855224993661,0.003629607539191068,0.8677556254346233,hist,COMPLETE
139,0.61044987644135,2026-04-16 13:53:59.851998,2026-04-16 13:54:01.227124,0 days 00:00:01.375126,0.7394619586553526,5.879425231127157,depthwise,0.01729647249055576,2,2.0882492239407675,275,0.012290748278773961,0.0030272567744390583,0.8746748466909443,hist,COMPLETE
140,0.6209568955543603,2026-04-16 13:54:01.227280,2026-04-16 13:54:01.546440,0 days 00:00:00.319160,0.7294378015585877,5.760486433895903,depthwise,0.01690498828339714,1,2.463580975453548,50,0.00781668332579687,0.005014144270496037,0.8728233720216413,hist,COMPLETE
141,0.6307647176535227,2026-04-16 13:54:01.546585,2026-04-16 13:54:01.951426,0 days 00:00:00.404841,0.7285765285674006,5.96756792243235,depthwise,0.016662293476090925,1,2.451226617073867,75,0.007876434418147915,0.005250932858629238,0.8713872509218469,hist,COMPLETE
142,0.62745448861633,2026-04-16 13:54:01.951548,2026-04-16 13:54:02.272007,0 days 00:00:00.320459,0.7292780477574042,5.759892071919874,depthwise,0.01859966972974541,1,2.4122145245477564,50,0.009362213545697414,0.00481710283484401,0.8709774151444807,hist,COMPLETE
143,0.6116223468728024,2026-04-16 13:54:02.272126,2026-04-16 13:54:02.590062,0 days 00:00:00.317936,0.7278370192548015,5.9946038248730735,depthwise,0.022735377772401536,1,2.475937830480652,50,0.008215934352714057,0.0043102522554507,0.8620747478485797,hist,COMPLETE
144,0.6063675839300481,2026-04-16 13:54:02.590192,2026-04-16 13:54:02.906322,0 days 00:00:00.316130,0.7377705525326794,5.699212938331547,depthwise,0.020472243396670153,1,2.4301856905780035,50,0.0058499236567040695,0.0033618097905537677,0.8720208243260087,hist,COMPLETE
145,0.6118314069142328,2026-04-16 13:54:02.906446,2026-04-16 13:54:03.478980,0 days 00:00:00.572534,0.7322739630712757,5.751701787204594,depthwise,0.01682656327363332,1,2.1646039530465755,125,0.007817064607398139,0.002690071821456054,0.8672930625853829,hist,COMPLETE
146,0.607924249364054,2026-04-16 13:54:03.479104,2026-04-16 13:54:03.966199,0 days 00:00:00.487095,0.7423921703946215,5.957836228456501,depthwise,0.01909644616758012,1,2.2978184018221994,100,0.009428773654331,0.002282826828976615,0.8750472456616646,hist,COMPLETE
147,0.6213060988536138,2026-04-16 13:54:03.966339,2026-04-16 13:54:04.362644,0 days 00:00:00.396305,0.7255903999402138,5.612964066833354,depthwise,0.014193283161492471,1,2.438161169256322,75,0.006970775649895278,0.006825975231933011,0.8693873402716762,hist,COMPLETE
148,0.6144420223203555,2026-04-16 13:54:04.362763,2026-04-16 13:54:05.023591,0 days 00:00:00.660828,0.7249835982054222,5.619797427865319,depthwise,0.013853331181363063,1,2.4093274065525754,150,0.010323220035311336,0.006964861238349815,0.8697066330017601,hist,COMPLETE
149,0.6099341108231389,2026-04-16 13:54:05.023725,2026-04-16 13:54:06.163314,0 days 00:00:01.139589,0.7519106487052136,5.814687171587155,depthwise,0.02488485799977291,2,2.200555997753479,225,0.006558102729256936,0.005878425131822973,0.8788744396402464,hist,COMPLETE
150,0.609086561257051,2026-04-16 13:54:06.163465,2026-04-16 13:54:07.205411,0 days 00:00:01.041946,0.7365578184959056,5.5070340869840795,depthwise,0.014121365173390747,1,2.065054747213868,250,0.004938486336556248,0.0038549416368284196,0.8571992539052073,hist,COMPLETE
151,0.6045242900305074,2026-04-16 13:54:07.205548,2026-04-16 13:54:10.500888,0 days 00:00:03.295340,0.7218016192613272,5.606907337092481,depthwise,0.01665257082521932,1,2.489516308692415,975,0.00806267208022918,0.005189560313068709,0.8722282735379875,hist,COMPLETE
152,0.6327419475450687,2026-04-16 13:54:10.501022,2026-04-16 13:54:10.900685,0 days 00:00:00.399663,0.7314228871039025,5.741599665821587,depthwise,0.01808798420880268,1,2.3196219988103848,75,0.008728427537699885,0.004695094875231663,0.8629990940480903,hist,COMPLETE
153,0.6201656786635755,2026-04-16 13:54:10.900804,2026-04-16 13:54:11.301984,0 days 00:00:00.401180,0.7331160650573135,5.893811325104078,depthwise,0.017916722860823218,1,2.309601483518233,75,0.01354766868203418,0.006392805404853744,0.8644380583222335,hist,COMPLETE
154,0.5947543608734243,2026-04-16 13:54:11.302132,2026-04-16 13:54:12.386986,0 days 00:00:01.084854,0.7296885180829465,5.594531792127558,depthwise,0.019128692291174913,5,2.367364611028841,150,0.010230524436894766,0.004065399997826278,0.8773355316264246,hist,COMPLETE
155,0.6126031904318008,2026-04-16 13:54:12.387132,2026-04-16 13:54:12.872810,0 days 00:00:00.485678,0.7256924770975102,5.697469685745603,depthwise,0.021698386967772012,1,2.141165116993282,100,0.005992341596586857,0.004589508350174158,0.8837652515033649,hist,COMPLETE
156,0.6071128866177882,2026-04-16 13:54:12.872929,2026-04-16 13:54:13.362051,0 days 00:00:00.489122,0.7376654857065991,5.511075149661561,depthwise,0.016056271170884154,1,2.243117417202426,100,0.009208174972846204,0.0031204361412192605,0.86680307586312,hist,COMPLETE
157,0.6065973997745028,2026-04-16 13:54:13.362185,2026-04-16 13:54:17.147840,0 days 00:00:03.785655,0.720856640308192,5.797037185740127,depthwise,0.013152098736248338,1,2.3666936604445317,1125,0.0071229646865471905,0.006593572288211317,0.8822803369537966,hist,COMPLETE
158,0.6135775782674192,2026-04-16 13:54:17.148000,2026-04-16 13:54:17.886926,0 days 00:00:00.738926,0.7458151825922511,5.850203164579414,depthwise,0.01466137091141056,1,2.52218050273052,175,0.011164665721894397,0.00538487009107432,0.8616513166196308,hist,COMPLETE
159,0.6211030314446765,2026-04-16 13:54:17.887047,2026-04-16 13:54:18.840522,0 days 00:00:00.953475,0.7177471565320495,5.461535404964509,depthwise,0.018279206894213404,1,2.739187744131652,250,0.005083670865919411,0.002048123602601604,0.7838879815095737,hist,COMPLETE
160,0.6174445610365226,2026-04-16 13:54:18.840668,2026-04-16 13:54:20.334053,0 days 00:00:01.493385,0.741264060365727,5.667930336334948,depthwise,0.013673758428982339,1,2.4428360761086783,400,0.013529521904805109,0.009783800997481384,0.8761735128063605,hist,COMPLETE
161,0.6117434786294903,2026-04-16 13:54:20.334198,2026-04-16 13:54:21.221818,0 days 00:00:00.887620,0.7185799728587522,5.474565507985063,depthwise,0.018032631213463,1,2.7739991284773735,225,0.0050805268672110375,0.001329524421669048,0.8791007353155966,hist,COMPLETE
162,0.6117240612742881,2026-04-16 13:54:21.221960,2026-04-16 13:54:22.272856,0 days 00:00:01.050896,0.7257628683406258,5.4152231707472875,depthwise,0.015264736161017794,1,2.6568393457153783,275,0.006959329559107742,0.003623427964714667,0.8186737795060649,hist,COMPLETE
163,0.6165578520376669,2026-04-16 13:54:22.273003,2026-04-16 13:54:22.831922,0 days 00:00:00.558919,0.7336761752426364,5.750124259068454,depthwise,0.01595636276673505,1,2.526561342228295,125,0.004236793918579047,0.0020433031004744922,0.7923094629762674,hist,COMPLETE
164,0.6072377579480452,2026-04-16 13:54:22.832066,2026-04-16 13:54:23.142596,0 days 00:00:00.310530,0.7161652308102268,5.590248798539671,depthwise,0.02054577378478541,1,2.3108807295585176,50,0.005662598418822724,0.0023388938687548097,0.7940714113293026,hist,COMPLETE
165,0.6037253060393987,2026-04-16 13:54:23.142715,2026-04-16 13:54:24.374789,0 days 00:00:01.232074,0.8253606946249394,5.454845550244476,depthwise,0.01958952774245682,1,2.2215968067826584,300,0.008893178801617215,0.007075112475346681,0.8853703519234088,hist,COMPLETE
166,0.6135153890816121,2026-04-16 13:54:24.374932,2026-04-16 13:54:25.101948,0 days 00:00:00.727016,0.7315295121293109,5.9343941606549615,depthwise,0.014462915825284178,1,2.4145064460310364,175,0.004431151522734744,0.0028522359211182896,0.7692535366432575,hist,COMPLETE
167,0.5970501558104343,2026-04-16 13:54:25.102085,2026-04-16 13:54:25.652287,0 days 00:00:00.550202,0.7288806148283451,5.535257240419472,depthwise,0.012800719319163214,2,2.5671434357751877,75,0.01742659772159154,0.00437898523011361,0.7824328259176756,hist,COMPLETE
168,0.6195333759501745,2026-04-16 13:54:25.652438,2026-04-16 13:54:26.552124,0 days 00:00:00.899686,0.7227393291240718,5.653176472114129,depthwise,0.017418106260582624,1,2.3437011589624066,225,0.0064499968904572725,0.006030703177976141,0.8680374834803671,hist,COMPLETE
169,0.6120646636779674,2026-04-16 13:54:26.552264,2026-04-16 13:54:27.194232,0 days 00:00:00.641968,0.7356295856190905,5.380828261501588,depthwise,0.01887702834267662,1,2.713786744650153,150,0.003034544348903455,0.001954229505916174,0.8023358871266096,hist,COMPLETE
170,0.5941662242566009,2026-04-16 13:54:27.194376,2026-04-16 13:54:28.811512,0 days 00:00:01.617136,0.7191932547357872,5.795987660642345,depthwise,0.016169789031076135,2,2.140512616115935,350,0.008729261857787555,0.007712421412721885,0.8813644852169888,hist,COMPLETE
171,0.5966126896405781,2026-04-16 13:54:28.811660,2026-04-16 13:54:29.122877,0 days 00:00:00.311217,0.7297572408548423,5.75844378579629,depthwise,0.016663128847828633,1,2.463291735019952,50,0.007535127459119947,0.005240276442489,0.7577828033250672,hist,COMPLETE
172,0.620196743045034,2026-04-16 13:54:29.122994,2026-04-16 13:54:29.517806,0 days 00:00:00.394812,0.726970240384737,5.703787010097121,depthwise,0.015133260353009775,1,2.4824018557391403,75,0.010949540902078387,0.0047029628507170365,0.8103159440741594,hist,COMPLETE
173,0.6138219022436566,2026-04-16 13:54:29.517935,2026-04-16 13:54:30.085724,0 days 00:00:00.567789,0.7395054597840877,5.573872071779403,depthwise,0.016876106513386238,1,2.617359990223592,125,0.007699394083370986,0.003445096484623996,0.8705720339060752,hist,COMPLETE
174,0.6151087217151276,2026-04-16 13:54:30.085868,2026-04-16 13:54:30.400203,0 days 00:00:00.314335,0.7336218178554708,5.506557130425503,depthwise,0.013733261066619913,1,2.285424753472985,50,0.005505894906449998,0.005311394828581708,0.8737014365140262,hist,COMPLETE
175,0.6251634714876066,2026-04-16 13:54:30.400324,2026-04-16 13:54:31.462757,0 days 00:00:01.062433,0.7155204574002869,5.288121349030456,depthwise,0.017687393272741422,1,2.395277786565974,275,0.014963619458354034,0.006781465727950892,0.8740243085588255,hist,COMPLETE
176,0.6006257056581796,2026-04-16 13:54:31.462896,2026-04-16 13:54:36.131534,0 days 00:00:04.668638,0.7150447367345673,5.262851593845807,depthwise,0.017967766040216306,1,2.3875606832014293,1400,0.015452022839290412,0.009156395421209777,0.8877375095606761,hist,COMPLETE
177,0.6217130452585021,2026-04-16 13:54:36.131703,2026-04-16 13:54:37.209110,0 days 00:00:01.077407,0.7228976116092037,5.328901017697697,depthwise,0.014644193458146928,1,2.233142935324108,275,0.012072114817502913,0.006738076237777386,0.8773338921946218,hist,COMPLETE
178,0.6260027326176422,2026-04-16 13:54:37.209279,2026-04-16 13:54:38.457065,0 days 00:00:01.247786,0.8313113733632097,5.345910772281598,depthwise,0.01269685867937869,1,2.061921901055492,300,0.020484005321623998,0.006749269995924979,0.877176712878526,hist,COMPLETE
179,0.6252745620418027,2026-04-16 13:54:38.457227,2026-04-16 13:54:39.624944,0 days 00:00:01.167717,0.7118106861571765,5.35098343885148,depthwise,0.012713006630533643,1,1.8700079940285275,300,0.02111992613284832,0.008001241423532798,0.879606619046945,hist,COMPLETE
180,0.6132805530472554,2026-04-16 13:54:39.625086,2026-04-16 13:54:41.337585,0 days 00:00:01.712499,0.8405269924178713,5.193916876421211,depthwise,0.013075611733475998,1,1.9186382671024287,425,0.020013561695634764,0.010826827761146523,0.8858473216209923,hist,COMPLETE
181,0.626552817857252,2026-04-16 13:54:41.337747,2026-04-16 13:54:42.659477,0 days 00:00:01.321730,0.702970471140108,5.312207118540894,depthwise,0.012384087435813733,1,2.0392948583285504,350,0.029910611413102504,0.007875509000321293,0.8781804203702374,hist,COMPLETE
182,0.6201125468082471,2026-04-16 13:54:42.659649,2026-04-16 13:54:43.990043,0 days 00:00:01.330394,0.812695073567652,5.3065240434048,depthwise,0.012732088792647322,1,2.0651455729899175,325,0.03008064132517197,0.008503392694789603,0.8813310332830279,hist,COMPLETE
183,0.6231355058834496,2026-04-16 13:54:43.990205,2026-04-16 13:54:45.426101,0 days 00:00:01.435896,0.8319002081416523,5.3659637733944585,depthwise,0.011283724685996433,1,1.8896284305667055,350,0.026713376149753144,0.008009594667890559,0.8773094427648154,hist,COMPLETE
184,0.619295191775436,2026-04-16 13:54:45.426269,2026-04-16 13:54:47.015300,0 days 00:00:01.589031,0.8032279431714549,5.116674365420446,depthwise,0.011346649792753216,1,1.7519639017551831,400,0.02448237876743619,0.005737643195146537,0.8747632633878927,hist,COMPLETE
185,0.6237626409537753,2026-04-16 13:54:47.015462,2026-04-16 13:54:48.348099,0 days 00:00:01.332637,0.7021886081371337,5.332559132059289,depthwise,0.012163252619848644,1,1.8779853153015327,350,0.04431124492725851,0.009776785915375329,0.8775951354004804,hist,COMPLETE
186,0.6190073137442875,2026-04-16 13:54:48.348260,2026-04-16 13:54:50.237403,0 days 00:00:01.889143,0.8295587565538403,5.370222536508221,depthwise,0.011746270958249589,1,1.800766548934108,475,0.03332907544101044,0.010095302035103395,0.8789110147619715,hist,COMPLETE
187,0.6215109666547816,2026-04-16 13:54:50.237566,2026-04-16 13:54:51.565804,0 days 00:00:01.328238,0.7033237329914792,5.235605189547062,depthwise,0.010957338167928692,1,2.015037612155185,350,0.04357853963050271,0.011704704844041297,0.8841134809665284,hist,COMPLETE
188,0.6110842101335753,2026-04-16 13:54:51.565964,2026-04-16 13:54:53.056524,0 days 00:00:01.490560,0.782859469436563,5.330237971926834,depthwise,0.011895547561306747,1,1.8646718560918545,375,0.043105235997702177,0.0076846698989962514,0.8783687455255119,hist,COMPLETE
189,0.6084456076601199,2026-04-16 13:54:53.056703,2026-04-16 13:54:54.550977,0 days 00:00:01.494274,0.700573236477638,5.158204990277674,depthwise,0.012651031322006593,1,1.835715573091637,400,0.028029312908574383,0.008998665221347082,0.8884593573431214,hist,COMPLETE
190,0.6169864829488498,2026-04-16 13:54:54.551142,2026-04-16 13:54:55.727050,0 days 00:00:01.175908,0.7062039806768469,5.413774897164536,depthwise,0.012490429478448596,1,1.8996609858066271,300,0.05945114969184823,0.006284125785834727,0.8758659692869657,hist,COMPLETE
191,0.619538803047771,2026-04-16 13:54:55.727204,2026-04-16 13:54:56.964145,0 days 00:00:01.236941,0.7055409852503995,5.223125261870046,depthwise,0.010953270800176567,1,2.109377926230593,325,0.02214670832820903,0.004687115507482218,0.8700445030927018,hist,COMPLETE
192,0.6252379403860312,2026-04-16 13:54:56.964307,2026-04-16 13:54:58.222493,0 days 00:00:01.258186,0.818215891453451,5.27788719036885,depthwise,0.01072072032315118,1,1.6551911249957372,300,0.0385333919525635,0.007293883843934569,0.8731154261371575,hist,COMPLETE
193,0.6213531998415374,2026-04-16 13:54:58.222649,2026-04-16 13:54:59.663242,0 days 00:00:01.440593,0.8203874084659918,5.293732689354896,depthwise,0.010821825641936003,1,1.623352797022712,350,0.035898647156439104,0.007141638403509009,0.8809385374210039,hist,COMPLETE
194,0.6170355693100629,2026-04-16 13:54:59.663404,2026-04-16 13:55:00.680731,0 days 00:00:01.017327,0.8780368434656214,5.068136127598986,depthwise,0.010589231081089204,1,1.9221676205684535,225,0.049663481482286054,0.009600405236101657,0.8658030163146455,hist,COMPLETE
195,0.6211730423426071,2026-04-16 13:55:00.680883,2026-04-16 13:55:01.951348,0 days 00:00:01.270465,0.8423180927527651,5.28382790359787,depthwise,0.013479622514251355,1,1.6890379034033949,300,0.022076976962809625,0.008137367407983749,0.8855611997302546,hist,COMPLETE
196,0.6148468311166677,2026-04-16 13:55:01.951499,2026-04-16 13:55:02.824239,0 days 00:00:00.872740,0.8112726729373131,5.404696691723739,depthwise,0.011796332173327153,1,2.037204178749684,200,0.018145375017527266,0.01245010084861313,0.8715448211639156,hist,COMPLETE
197,0.6161793354874467,2026-04-16 13:55:02.824385,2026-04-16 13:55:04.618931,0 days 00:00:01.794546,0.8341205498770136,5.328298490638243,depthwise,0.010205324606349025,1,1.7979811381017223,450,0.027773040787805604,0.0060184482090623265,0.8765458611054997,hist,COMPLETE
198,0.5649215471692917,2026-04-16 13:55:04.619085,2026-04-16 13:55:06.619982,0 days 00:00:02.000897,0.8282972992634587,5.154197961330892,depthwise,0.012438309011428639,2,1.9546294986123802,375,0.0678532644749687,1.1163386295588404,0.8814180477247026,hist,COMPLETE
199,0.6151314172220083,2026-04-16 13:55:06.620144,2026-04-16 13:55:07.866221,0 days 00:00:01.246077,0.8360182904329226,5.231947169544765,depthwise,0.01154072267741552,1,2.111955746808182,300,0.037332883815893135,0.007109275209485223,0.8336358282590655,hist,COMPLETE
